slug,ats,career_url,hq_country
inmobi,greenhouse,https://job-boards.greenhouse.io/inmobi,
innovaccer,other,https://www.halowaypoint.com/news/forum-farewell,US
innovid,greenhouse,https://job-boards.greenhouse.io/innovid,US
innoviz,other,https://www.worldanimalprotection.ca/education/animal-quizzes/bear-quiz,
inscribe,unknown,https://www.inscribeapp.com/,US
inscripta,workable,https://apply.workable.com/masterofmalt/?lng=en,US
insider,greenhouse,https://job-boards.greenhouse.io/insider,
insider-intelligence,greenhouse,https://job-boards.greenhouse.io/insider,US
insightec,unknown,,
inspectify,other,https://www.psychforums.com/paraphilias/topic140315.html,US
inspirato,unknown,https://www.workerscompensation.com/,US
instacart,greenhouse,https://job-boards.greenhouse.io/instacart,US
instagram,other,https://www.meta.com/instagram/,US
instamojo,unknown,,
instructure,ashby,https://jobs.ashbyhq.com/instructure,US
insurstaq-ai,unknown,,
intapp,unknown,,US
integral-ad-science,gem,https://jobs.gem.com/integral-ad-science,US
integrate,lever,https://jobs.lever.co/integrate,US
integrate-ai,lever,https://jobs.lever.co/integrate,Canada
intel,other,https://intel.wd1.myworkdayjobs.com/External/page/6042070b79e01001f04fa9b468070000,US
intelycare,unknown,,US
intercom,greenhouse,https://job-boards.greenhouse.io/intercom,US
intersect,lever,https://jobs.lever.co/intersect,
interview-kickstart,ashby,https://jobs.ashbyhq.com/interview-kickstart,US
intrinsic,greenhouse,https://boards.greenhouse.io/intrinsicrobotics/jobs/4215463004?gh_jid=4215463004,US
introhive,other,https://www.introhive.com/careers/,Canada
intuit,other,https://www.intuit.com/ca/,US
inuitive,unknown,,
investcloud,unknown,,US
invision,rippling,https://ats.rippling.com/invision/jobs,US
invitae,other,https://www.invitae.com/,US
involves,unknown,https://amokequipment.com/en-us,
iprice-group,unknown,https://www.islamarchive.cc/hadith/13576,
iqiyi-smart,unknown,https://www.iqiyi.com/,
iress,other,https://careers.docusign.com/careers-home,
iris-nova,greenhouse,https://job-boards.greenhouse.io/iris,US
irl,unknown,https://www.irlsupplies.com/,US
irobot,unknown,https://www.irobot.ca/,US
iron-ox,unknown,https://www.webmd.com/vitamins/ai/ingredientmono-912/iron,US
ironnet,other,https://www.mitsubishicomfort.com/,US
ispecimen,unknown,https://www.everpack.net/,US
jam-city,lever,https://jobs.lever.co/jamcity,US
jama,unknown,https://www.peoriapacking.com/,US
jamf,greenhouse,https://job-boards.greenhouse.io/jamf,US
jasper,other,https://www.jasper.travel/,US
jasper-health,other,https://www.jasper.travel/,US
jd-id,workable,https://apply.workable.com/jd,
jellyfish,ashby,https://jobs.ashbyhq.com/jellyfish,US
jellysmack,other,https://jobs.google.com/about/,US
jetclosing,other,https://www.wander.com/article/summer-vacation-ideas,US
jetty,unknown,https://www.jetty.com/,US
jimdo,unknown,https://accounts.google.com/v3/signin/identifier?continue=https%3A%2F%2Fkeep.google.com%2F&dsh=S-1205204858%3A1785536081980622&followup=https%3A%2F%2Fkeep.google.com%2F&ltmpl=keep&passive=1209600&service=memento&flowName=WebLiteSignIn&flowEntry=ServiceLogin&ifkv=Ac50bxuMkuCbAcWmRZ3YBlFNx6Q0b8ebFqxiJRsOBSLTRQb-Pu5ATjxJ8wBOrGd8Te3HKiPmXCWQ,Germany
jiobit,other,https://www.jiobit.com/,US
jiviai,other,https://www.zhihu.com/about/careers,
jobcase,unknown,,US
jodo,unknown,https://www.xnxx.com/search/%D9%8A%D9%86%D9%8A%D9%83%D9%86%D9%8A%20%D8%A7%D9%86%D8%A7%20%D9%88%20%D8%B2%D9%88%D8%AC%D9%8A,
join,other,https://join.com/en,Germany
jokr,other,https://www.jokr.com/careers,US
joonko,smartrecruiters,https://jobs.smartrecruiters.com/joonko,
jounce-therapeutics,unknown,https://www.jouncetech.com/,US
journera,other,https://sec.usajobs.gov/search/results,US
jumia,greenhouse,https://job-boards.greenhouse.io/jumia,Germany
jumio,greenhouse,https://job-boards.greenhouse.io/jumio,US
jump,ashby,https://jobs.ashbyhq.com/jump,
jumpcloud,lever,https://jobs.lever.co/jumpcloud,US
jungle-scout,unknown,https://www.junglejunglejungle.com/,US
junglee-games,unknown,,
juni,unknown,https://wearjuni.com/,Sweden
juniper,other,https://careers.hpe.com/juniper,US
juniper-networks,other,https://careers.hpe.com/juniper,US
juniper-square,ashby,https://jobs.ashbyhq.com/junipersquare,US
jupiterone,other,https://www.zhihu.com/about/careers,US
just-eat,greenhouse,https://job-boards.greenhouse.io/justfoodcompany,UK
just-eat-takeaway,greenhouse,https://job-boards.greenhouse.io/justfoodcompany,Netherlands
juul,greenhouse,https://job-boards.greenhouse.io/juullabs,US
kaiyo,other,https://www.whatsapp.com/,US
kaleidoscope,unknown,,US
kaltura,other,https://www.kmongcorp.com/,US
kandela,other,https://www.city-data.com/forum/raleigh-durham-chapel-hill-cary/2857384-lowes-vs-home-depot-vs-best.html,US
kandji,other,https://wwd.kandji.io/careers,US
kaodim,unknown,https://www.foret-de-soignes.be/,
kape,other,https://jobs.google.com/about/,UK
kape-technologies,other,https://www.reddit.com/r/lossprevention/comments/1bn3f8q/home_depot_asset_protection_specialist/,UK
kapten-free-now,unknown,https://freegames.org/,Germany
karakuki,unknown,https://www.xvideos.com/?k=japanese+bokep,
karat,greenhouse,https://job-boards.greenhouse.io/karat,US
karat-financial,greenhouse,https://job-boards.greenhouse.io/karat,US
karbon,greenhouse,https://job-boards.greenhouse.io/karbon,US
karhoo,other,https://www.wikihow.com/wikiHow:Jobs,UK
karma,other,https://www.creditkarma.com/Error_Credit_Karma.htm?referenceerror=18.f962a17.1785536116.6135c8d0,US
karshare,unknown,https://www.recursos-biblicos.com/2018/04/la-estatua-de-nabuconodosor-estudio-biblico-profundo.html,UK
kaseya,greenhouse,https://job-boards.greenhouse.io/kaseya,US
kaspersky,other,https://www.kaspersky.ca/,
kaspien,unknown,,US
katana,ashby,https://jobs.ashbyhq.com/katana,Estonia
katerra,unknown,,US
kavak,lever,https://jobs.lever.co/kavak,
kayak-opentable,greenhouse,https://job-boards.greenhouse.io/kayak,US
kazoo,other,https://www.wikihow.com/wikiHow:Jobs,US
