slug,career_url
highsnobiety,https://company.highsnobiety.com/jobs
highspot,https://www.highspot.com/careers/
hijra,https://hijra-bank.com/careers-2/
hike,https://apply.workable.com/hike/
hims-hers,https://www.hims.com/careers-professionals
hinge-health,https://hinge.co/careers
hipcamp,https://www.hipcamp.com/en-US/about
hippo-insurance,https://www.hippo.com/careers
hirect,https://hirectapp.com/
hired,https://careers.aramark.com/getting-hired/
hireology,https://hireology.com/careers/
hodinkee,https://www.businessoffashion.com/organisations/hodinkee/page/2/
hodlnaut,https://www.hodlnaut.com/careers/data-engineer
hologram,https://www.hologram.io/careers/
homebot,https://homebot.ai/careers
homebound,https://www.homebound.com/careers
homeday,https://wellfound.com/company/homeday
homelane,https://in.jobsora.com/jobs-company-homelane
homelight,https://hire.monster/companies/homelight
homepoint,"https://www.glassdoor.ie/Overview/Working-at-Homepoint-EI_IE1073460.11,20.htm"
hometap,https://www.hometap.com/careers
homeward,https://www.homeward.com/careers
homie,https://www.homie.com/careers/
homology,https://careers-homologymedicines.icims.com/jobs/intro
honor,https://www.honorcare.com/honor-careers/
hooq,https://ph.jobstreet.com/companies/hooq-digital-pte-ltd-168556124114514
hooray-foods,https://www.highperformr.ai/company/hoorayfoods
hopin,https://hopin.com/
hopskipdrive,https://www.hopskipdrive.com/careers/
horizn-studios,https://www.drjobpro.com/horizn-studios-careers-cid-i268393
hotmart,https://hotmart.com/en/jobs
houzz,https://jobs.lever.co/houzz
hoxhunt,https://hoxhunt.com/careers
hp,https://jobs.hp.com/
huawei,https://career.huawei.com/en
hubba,https://www.facebook.com/HUBBAcareers/
hubhaus,https://www.inhersight.com/company/hubhaus/profile
hubilo,https://hubilo.hire.trakstar.com/
hubspot,https://www.hubspot.com/careers
huffpo,https://www.huffpost.com/topic/huffpost-careers
hugging-face,https://apply.workable.com/huggingface/
hulu,https://www.velvetjobs.com/company/hulu/hulu-careers
huma,https://www.huma.com/careers
humane,https://www.humaneworld.org/en/careers
humanforest,https://www.glassdoor.co.uk/Jobs/HumanForest-Jobs-E3438128.htm
humble,https://jobs.jobvite.com/humble-bundle/jobs/
humble-games,https://www.gamedeveloper.com/business/humble-games-lays-off-valued-colleagues-as-restructuring-begins
humu,https://www.humu.com/
hunty,https://www.hunty.com/
huobi,https://careersgibraltar.com/companies/huobi
huuuge-games,https://huuugegames.com/careers
hydrow,https://hydrow.com/careers/
hyland-software,https://www.hyland.com/en/company/careers
hypefast,https://www.hypefast.id/
hyperloop-one,https://www.builtinla.com/company/hyperloop-one
hyperscience,https://www.hyperscience.ai/about-us/careers/
iac,https://iacgroup.com/careers/
iam-robotics,https://www.glassdoor.co.in/Interview/IAM-Robotics-Interview-Questions-E1487317.htm
ibm,https://www.ibm.com/careers
ibotta,https://ibotta.com/work-with-us/careers
icad,https://www.icad.com/about-us-icad/careers/
icann,https://www.icann.org/en/careers
icertis,https://www.icertis.com/company/careers/
icims,https://careers.icims.com/
icon,https://careers.iconplc.com/
id-me,https://www.id.me/careers
identiq,https://www.identiq.com/careers/
ideoclick,https://www.builtinseattle.com/company/ideoclick/jobs
ifit,https://www.github.ifit-dev.com/careers
iflix,https://explore.jobs.netflix.net/careers?query=IFLIX
ifood,https://carreiras.ifood.com.br/
igenous,https://quizlet.com/192874646/ch-5-mini-test-questions-igenous-environments-flash-cards/
ignite,https://ignite-reading.com/careers/
ignition,https://www.ignitionapp.com/careers
ike,https://www.ikessandwich.com/careers/
illumina,https://www.illumina.com/company/careers.html
immersive-labs,https://www.immersivelabs.com/company/careers
immutable,https://web3.career/web3-companies/immutable
impact-com,https://www.amazon.com/Impact-Folding-Beauty-Dish-34/dp/B014EGV6BC
impala,https://www.impalaterminals.com/careers/
imperfect-foods,https://research.contrary.com/company/imperfect-foods
impinj,https://www.impinj.com/about-us/careers
impossible-foods,https://www.foodbusinessnews.net/articles/17108-impossible-foods-to-ramp-up-rd-team
improbable,https://www.improbable.io/careers
inbound-health,https://inboundhealth.com/careers/
included-health,https://www.builtinsf.com/company/included-health
incredible-health,https://www.incrediblehealth.com/careers/
incredibuild,https://www.incredibuild.com/career
increff,https://www.increff.com/careers
indebted,https://www.indebted.co/careers/
indeed,
indeed-glassdoor,https://jobright.ai/blog/indeed-vs-glassdoor/
indigo,https://www.goindigo.in/careers.html
indrive,https://careers.indrive.com/
infarm,"https://www.glassdoor.co.in/Interview/Infarm-Front-End-Web-Developer-Interview-Questions-EI_IE1625559.0,6_KO7,30.htm"
infineon,https://www.infineon.com/careers
influitive,https://influitive.com/careers/
infogrid,https://www.infogridtechnologies.com/careers.html
informatica,https://www.informatica.com/about-us/careers.html.html
infosum,https://www.infosum.com/company/careers
