slug,ats,career_url,note
"highsnobiety","unknown","https://company.highsnobiety.com/jobs","score=24 title=Careers | Highsnobiety"
"highspot","unknown","https://www.highspot.com/careers/","score=13 title=Come Join Highspot and Invent the Future | Highspot"
"hijra","unknown","https://hijra-bank.com/careers-2/","score=24 title=Careers - Hijra Bank"
"hike","unknown","https://careerhike.in/careers/","score=24 title=Careers - CareerHike Edutech"
"hims-hers","unknown","https://www.hims.com/","score=7 title=Hims | Men’s Telehealth for Hair, ED, Weight Loss & Mental Health"
"hinge-health","unknown","https://www.startuphub.ai/jobs/hinge-health","score=17 title=Hinge Health Jobs & Careers (76 open roles) | StartupHub.ai"
"hipcamp","unknown","https://www.gyfted.me/companies/hipcamp","score=11 title=Companies | Remote Jobs • Hipcamp Careers"
"hippo-insurance","greenhouse","https://boards.greenhouse.io/hippo70/jobs/8584525002?gh_jid=8584525002&amp;gh_src=7d5bf7a22","score=24 title=Careers | Hippo"
"hirect","other","https://careers.starbucks.com/","score=14 title=Starbucks Careers - Starbucks Careers"
"hired","other","https://careers.blizzard.com/global/en","score=17 title=Careers at Blizzard Entertainment"
"hireology","unknown","https://hireology.com/careers/","score=24 title=Careers | Hireology"
"hodinkee","greenhouse","https://joinrise.co/jobs","score=11 title=HODINKEE Jobs, Benefits, Culture | Top Companies on Rise"
"hodlnaut","unknown","https://www.hodlnaut.com/careers/financial-analyst","score=18 title=Financial Analyst | Careers"
"hologram","unknown","https://protohologram.com/careers/","score=24 title=Careers - Proto Hologram"
"homebot","ashby","https://jobs.ashbyhq.com/homebot/embed?version=2","score=21 title=Homebot | Careers at Homebot"
"homebound","ashby","https://jobs.ashbyhq.com/Homebound/embed","score=21 title=Explore Career Opportunities & Open Roles at Homebound"
"homeday","unknown","https://www.glassdoor.co.in/Jobs/Homeday-Jobs-E1362299.htm","score=17 title=No Jobs at Homeday | Glassdoor"
"homelane","unknown","https://homelane.sensehq.com/careers","score=13 title=Job openings at HomeLane"
"homelight","greenhouse","https://job-boards.greenhouse.io/homelight/jobs/7904058&quot;,&quot;data_compliance&quot;:[{&quot;type&quot;:&quot;gdpr&quot;,&quot;requires_consent&quot;:false,&quot;requires_processing_consent&quot;:false,&quot;requires_retention_consent&quot;:false,&quot;retention_period&quot;:null,&quot;demographic_data_consent_applies&quot;:false}],&quot;internal_job_id&quot;:3425835,&quot;location&quot;:{&quot;name&quot;:&quot;Irvine,","score=24 title=Careers at HomeLight | We're Hiring!Jobs at HomeLight - Greenhouse SoftwareHomeLight Careers and Employment | Indeed.comJobs at HomeLightHomeLight - LinkedInHomeLight Jobs and Careers | Indeed.comJobs at HomeLight: Explore current Opportunities"
"homepoint","unknown","https://homepoint.co.in/developer/30","score=7 title=Homepoint"
"hometap","unknown","https://www.hometap.com/careers","score=24 title=Careers - Hometap"
"homeward","unknown","https://www.homewardcommunities.com/careers","score=24 title=Careers — Homeward Communities"
"homie","unknown","https://www.homie.com/careers/","score=24 title=Careers - Homie"
"homology","unknown","https://www.youtube.com/watch?v=Edcz_MzM5qc","score=3 title=Homology and Analogy - MeitY OLabs - YouTube"
"honor","unknown","https://honoris.net/about-honoris/careers/","score=24 title=Careers - Honoris United Universities"
"hooq","unknown","https://walbi.com/careers","score=17 title=Careers, Walbi | Build the future of AI trading"
"hooray-foods","unknown","https://www.davisaltpro.org/resources/careers","score=14 title=The Davis Alt Protein Project - Careers"
"hopin","unknown","https://hopintechnologies.com/careers/","score=24 title=Careers - Hopin Technologies"
"hopskipdrive","greenhouse","https://job-boards.greenhouse.io/hopskipdrive","score=24 title=Careers | HopSkipDrive"
"horizn-studios","unknown","https://www.working-nomads.com/company/Horizn+Studios","score=14 title=Jobs at Horizn Studios - Working Nomads - Find Your Next Career..."
"hotmart","unknown","https://hotmart.com/en/jobs","score=21 title=Hotmart | Jobs"
"houzz","lever","https://jobs.lever.co/houzz","score=27 title=Houzz jobs - Lever"
"hoxhunt","ashby","https://jobs.ashbyhq.com/hoxhunt","score=24 title=Careers - Hoxhunt"
"hp","other","https://apply.hp.com/careers","score=24 title=Careers at HP"
"huawei","recruitee","https://huaweicanada.recruitee.com/","score=25 title=Careers homepage"
"hubba","unknown","https://hubba.jobsoid.com/","score=18 title=Careers @ HUBBA Thailand"
"hubhaus","unknown","https://thehubhaus.com/careers/","score=21 title=HubHaus Careers"
"hubilo","unknown","https://www.virtualpro.com/","score=21 title=Hubilo Careers | Join Our Tribe of Event Professionals"
"hubspot","unknown","https://www.hubspot.com/careers","score=21 title=HubSpot Careers"
"huffpo","unknown","https://ejwl.fa.us2.oraclecloud.com/hcmUI/CandidateExperience/en/sites/CX/jobs","score=17 title=Careers at Marriott"
"hugging-face","unknown","https://huggingface.co/docs/hub/jobs","score=24 title=Jobs · Hugging Face"
"hulu","unknown","https://www.velvetjobs.com/company/hulu/hulu-careers","score=11 title=Hulu Careers | Velvet Jobs"
"huma","unknown","https://www.huma.com/careers","score=24 title=Careers | Huma"
"humane","unknown","https://www.seattlehumane.org/about/careers/","score=24 title=Careers - Seattle Humane"
"humanforest","unknown","https://jobs.platzi.com/companies/humanforest","score=17 title=Careers at Forest - Platzi Jobs"
"humble","lever","https://api.lever.co/v0/postings/humble-robotics?mode=json","score=24 title=Careers - Humble Robotics"
"humble-games","unknown","https://www.rockstargames.com/ru/careers","score=17 title=Rockstar Games Careers - Rockstar Games"
"humu","unknown","https://tryremotely.com/company/humu","score=11 title=Humu Careers and Employment - tryremotely.com"
"hunty","unknown","https://www.getonbrd.com/companies/hunty-co","score=14 title=Careers at Hunty | Get on Board"
"huobi","unknown","https://careersgibraltar.com/companies/huobi","score=17 title=HTX (formerly Huobi) Careers in Gibraltar: Jobs, Salaries"
"huuuge-games","unknown","https://www.glassdoor.co.in/Jobs/Huuuge-Games-analyst-user-operations-Jobs-EI_IE971044.0,12_KO13,36.htm","score=17 title=Huuuge Games Jobs & Careers - 1 Open Position | Glassdoor"
"hydrow","lever","https://jobs.lever.co/Hydrow/73e5aac6-0629-4213-8139-62eeeb101e56\","score=21 title=Hydrow Careers | Current Job Openings + Benefits - Hydrow"
"hyland-software","unknown","https://www.glassdoor.co.in/Jobs/Hyland-Software-Developer-India-Jobs-EI_IE9432.0,6_KO7,25_IL.26,31_IN115.htm","score=17 title=Hyland Jobs & Careers - 26 Open Positions | Glassdoor"
"hypefast","unknown","https://nodeflair.com/companies/hypefast/jobs","score=17 title=Hypefast Jobs & Careers"
"hyperloop-one","unknown","https://www.hyperloopgroup.com/careers","score=24 title=CAREERS | PARTNER WITH HYPERLOOP GROUP"
"hyperscience","unknown","https://www.hyperscience.ai/about-us/careers/","score=24 title=Careers at Hyperscience - Remote, Inclusive, Flexible"
"iac","unknown","https://iacgroup.com/careers","score=24 title=Careers | IAC Group"
"iam-robotics","unknown","https://onwardrobotics.com/careers/","score=20 title=Careers | Onward Robotics"
"ibm","unknown","https://www.ibm.com/careers","score=21 title=Define your career with IBM"
"ibotta","ashby","https://jobs.ashbyhq.com/ibotta/557c7b14-68a3-4349-8c59-356975d3711b","score=24 title=Careers - Ibotta"
"icad","unknown","https://www.astronauticalcentre.com/careers","score=20 title=Careers | ICAD"
"icann","unknown","https://www.icann.org/en/careers","score=24 title=Careers at ICANN"
"icertis","unknown","https://www.icertis.com/company/careers/","score=24 title=Careers at Icertis | Icertis"
"icims","other","https://careers.icims.com/careers-home/","score=24 title=Careers | ICIMS Careers"
"icon","unknown","https://www.flaticon.com/free-icon/careers_11325443","score=24 title=Careers - Free business icons"
"id-me","unknown","https://www.id.me/careers","score=21 title=ID.me Careers | ID.me"
"identiq","unknown","https://www.identiq.com/","score=24 title=Careers in Fraud Prevention | Identiq"
"ideoclick","unknown","https://www.builtinseattle.com/company/ideoclick/jobs","score=17 title=Ideoclick Seattle Jobs + Careers | Built In Seattle"
"ifit","unknown","https://www.github.ifit-dev.com/careers","score=21 title=iFIT Careers"
"iflix","other","https://explore.jobs.netflix.net/careers?query=IFLIX","score=17 title=IFLIX jobs in Netflix"
"ifood","greenhouse","https://job-boards.greenhouse.io/ifoodcarreiras","score=24 title=Jobs at iFood"
"igenous","unknown","https://www.glassdoor.co.uk/Overview/Working-at-Igneous-EI_IE881221.11,18.htm","score=8 title=Igneous Career: Working at Igneous | Glassdoor"
"ignite","unknown","https://careers.indrive.com/","score=17 title=inDrive Careers - Ignite your inner drive"
"ignition","unknown","https://www.ignitiongroup.uk/careers/","score=24 title=Careers | Ignition"
"ike","unknown","https://www.ikessandwich.com/careers/","score=24 title=Careers | Ike's Love & Sandwiches"
"illumina","other","https://www.illumina.com/company/careers.html","score=21 title=Careers | Biotech and genomics job opportunities"
"immersive-labs","unknown","https://remotefirstjobs.com/companies/immersive-labs","score=11 title=Immersive Labs - Remote Careers & Employment"
"immutable","lever","https://jobs.lever.co/immutable","score=27 title=Immutable jobs - Lever"
"impact-com","greenhouse","https://job-boards.greenhouse.io/impact","score=24 title=Jobs at Impact.com - Greenhouse Software"
"impala","other","https://www.impalaterminals.com/careers/","score=24 title=Careers - Impala Terminals"
"imperfect-foods","unknown","https://www.flexjobs.com/remote-jobs/company/imperfect_foods","score=11 title=Imperfect Foods - Remote Work From Home Jobs & Careers | FlexJobs"
"impinj","unknown","https://www.impinj.com/about-us/careers","score=24 title=Careers and Culture at Impinj"
"impossible-foods","unknown","https://impossiblefoods.com/","score=7 title=Impossible Foods"
"improbable","ashby","https://api.ashbyhq.com/posting-api/job-board/","score=24 title=Careers — Improbable"
"inbound-health","unknown","https://inboundhealth.com/careers/","score=24 title=Careers | Inbound Health"
"included-health","unknown","https://www.learning-mind.com/top-healthcare-careers/","score=11 title=Top 7 Healthcare Careers That Make a Real Difference - Learning Mind"
"incredible-health","greenhouse","https://boards.greenhouse.io/embed/job_board/js?for=incrediblehealth","score=24 title=Careers | Incredible Health"
"incredibuild","unknown","https://walbi.com/careers","score=17 title=Careers, Walbi | Build the future of AI trading"
"increff","unknown","https://increff.zohorecruit.com/careers","score=24 title=Jobs at Careers - increff.zohorecruit.com"
"indebted","unknown","https://www.indebted.co/about","score=21 title=InDebted | Careers"
"indeed","unknown","https://www.rescoproducts.com/about/careers-indeed","score=17 title=Careers"
"indeed-glassdoor","unknown","https://qz.com/indeed-glassdoor-cut-1300-jobs-ai","score=11 title=Career sites Indeed and Glassdoor cut 1,300 jobs in AI pivot"
"indigo","unknown","https://indigotech.com/careers/","score=24 title=Careers - indiGOtech"
"indrive","unknown","https://careers.indrive.com/","score=21 title=inDrive Careers - Ignite your inner drive"
"infarm","unknown","https://www.theladders.com/company/infarm-jobs","score=11 title=Infarm Careers, Jobs, and Salary Information"
"infineon","unknown","https://www.infineon.com/careers","score=24 title=Careers | Infineon Technologies"
"influitive","unknown","https://influitive.com/careers/","score=24 title=Careers and jobs at Influitive."
"infogrid","unknown","https://www.infogrids.net/careers","score=24 title=Careers | INFOGRIDS"
"informatica","unknown","https://www.informatica.com/about-us/careers.html.html","score=21 title=Informatica Careers-Find and Apply to Jobs Today | Informatica"
"infosum","greenhouse","https://boards.greenhouse.io/embed/job_board/js?for=infosum","score=13 title=Join the Team | InfoSum"
