slug,ats,career_url,hq_country,source
primer,ashby,https://jobs.ashbyhq.com/primer,US,api
prisma,greenhouse,https://job-boards.greenhouse.io/prisma,Germany,api
pristyn-care,other,https://www.pristyncare.com/company/careers/,,career
privitar,unknown,,UK,none
procore,other,https://www.procore.com/en-ca/general-contractors,US,career
product-hunt,ashby,https://jobs.ashbyhq.com/producthunt,US,api
productboard,gem,https://jobs.gem.com/productboard,US,api
progrexion,unknown,,US,none
project-ronin,unknown,,US,none
project44,greenhouse,https://job-boards.greenhouse.io/project44,US,api
propertyguru,unknown,,,none
propzy,unknown,,,none
prosus,lever,https://jobs.eu.lever.co/prosus,Netherlands,html
protego-trust-bank,other,https://www.protego.com/career/,,career
proterra,unknown,,US,none
protocol-labs,unknown,,US,none
proton-ai,greenhouse,https://job-boards.greenhouse.io/protonai,US,api
protonn,unknown,,,none
provi,lever,https://jobs.lever.co/provi,US,api
providoor,unknown,,,none
pubmatic,greenhouse,https://job-boards.greenhouse.io/pubmatic,US,api
pudutech,unknown,,,none
pulse-secure,other,https://www.ivanti.com/company/careers?psredirect,,career
puppet,lever,https://jobs.lever.co/perforce,US,html
pure-storage,gem,https://jobs.gem.com/pure-storage,US,api
purse,other,https://purse.io/,,career
q4,other,https://www.q4inc.com/,Canada,career
qin1,other,https://qin1.com/careers,,career
qoala,unknown,,,none
qomplx,unknown,,US,none
qt-company,greenhouse,https://www.qt.io/careers/open-positions,Finland,html
quadream,unknown,,,none
qualcomm,other,https://www.qualcomm.com/company/careers,US,career
qualtrics,greenhouse,https://job-boards.greenhouse.io/qualtrics,US,api
quandoo,other,https://www.quandoo.com:443/,Germany,career
quanergy-systems,other,https://quanergy.com/,,career
quantcast,lever,https://jobs.lever.co/quantcast,US,api
quanterix,other,https://www.quanterix.com/careers/,US,career
quanto,other,https://quantoapp.com/careers,,career
quantum-si,unknown,,US,none
quartz,recruitee,https://quartz.recruitee.com,,api
quibi,other,https://quibi.com/,,career
quicko,smartrecruiters,https://jobs.smartrecruiters.com/quicko,,api
quidax,unknown,,,none
quillt,unknown,,,none
quintoandar,greenhouse,https://job-boards.greenhouse.io/quintoandar,,api
quizac,other,https://quizac.com/careers,,career
quizlet,other,https://quizlet.com/,US,career
quizy,other,https://quizy.in/,,career
qumulo,ashby,https://jobs.ashbyhq.com/qumulo,US,api
quora,ashby,https://jobs.ashbyhq.com/quora,US,api
qwick,other,https://www.qwick.com/careers/,US,career
qyuki,other,https://www.qyuki.com/,,career
r3,unknown,,,none
rackspace,lever,https://jobs.lever.co/rackspace,US,api
rad-power-bikes,other,https://www.radpowerbikes.com/fluid-framework-2-0.myshopify.com/cdn/shop/,US,career
rain,ashby,https://jobs.ashbyhq.com/rain,US,api
rainfocus,lever,https://jobs.lever.co/rainfocus,US,api
raken,other,https://www.rakenapp.com:443/,,career
ranger-insurance,unknown,,,none
rangle,other,https://rangle.io/careers,Canada,career
rapid,other,https://rapidapi.com/company/careers,US,career
rapid7,other,https://careers.rapid7.com/,US,career
rapyd,other,https://www.rapyd.net/network/,UK,career
rasa,ashby,https://jobs.ashbyhq.com/rasa,Germany,api
rategenius,unknown,,US,none
rdx-works,other,http://www.rdxworks.com/themes/default/images/layout/site_logo.gif,,career
ready-robotics,unknown,,US,none
reali,unknown,,,none
realpage,other,https://www.realpage.com/careers/,US,career
realpha,greenhouse,https://job-boards.greenhouse.io/realpha,US,api
realself,lever,https://jobs.lever.co/realself,US,api
realtor-com,gem,https://www.gem.com/form?formID=93f01a84-3f59-4fb5-9b6c-8556c527f1c5,US,html
rebel-foods,smartrecruiters,https://jobs.smartrecruiters.com/rebelfoods,,api
rebellion-defense,greenhouse,https://job-boards.greenhouse.io/rebelliondefense,US,api
rec-room,greenhouse,https://boards-api.greenhouse.io/v1/boards/recroom/departments,US,html
recast,greenhouse,https://job-boards.greenhouse.io/recast,,api
received,other,https://www.received.ai/careers,,career
recharge,ashby,https://jobs.ashbyhq.com/recharge,US,api
recur,other,https://www.recurclub.com/working-capital-financing,,career
recur-forever,unknown,,,none
red-hat,other,https://www.redhat.com/en,US,career
redbox,unknown,,,none
redbubble,smartrecruiters,https://jobs.smartrecruiters.com/redbubble,,api
reddoorz,other,https://www.reddoorz.com/,,career
redesign-health,ashby,https://jobs.ashbyhq.com/Redesign%20Health,US,html
redfin,other,https://www.redfin.com/guides/agent-resources/working-at-redfin,US,career
redis,ashby,https://jobs.ashbyhq.com/redis,US,api
redox,other,https://redoxengine.com/,US,career
ree-automotive,other,https://ree.auto/careers/,,career
reef,other,https://reef.io/,,career
refinery29,other,https://www.refinery29.com/en-us/work-and-money,US,career
reforge,rippling,https://ats.rippling.com/reforge/jobs,US,api
refurbed,greenhouse,https://job-boards.greenhouse.io/refurbed,Austria,api
regrow-ag,other,https://www.regrow.ag/post/joining-the-frontlines-of-global-good,US,career
relativity,greenhouse,https://job-boards.greenhouse.io/relativity,US,api
relevel,unknown,,,none
reliance-jiomart,other,https://www.jiomart.com/,,career
religion-of-sports,unknown,,US,none
remarkable,other,https://remarkable.com/,Norway,career
