virtudent	greenhouse	https://virtudent.com/careers/	seed
vise	greenhouse	https://job-boards.greenhouse.io/viseai	seed
vista-group	workable	https://apply.workable.com/vista-group/	seed
vivian-health	ashby	https://jobs.ashbyhq.com/vivian-health	seed
vmware	smartrecruiters	https://careers.smartrecruiters.com/Vmware2	seed
voi	other	https://careers.voi.com/jobs	seed
volt-bank	workable	https://apply.workable.com/volt-dot-i-o/	seed
volta		https://voltasystems.com/careers.html	seed
volta-trucks			seed
voly		https://www.getvoly.com/join	seed
vowel		https://vowels.net/pages/careers	seed
vox-media	greenhouse	https://job-boards.greenhouse.io/voxmedia	seed
voyage-sms	lever	https://staging.voyagesms.com/careers	seed
vrchat	lever	https://jobs.lever.co/vrchat	seed
vroom	other	https://vroom.wd5.myworkdayjobs.com/vroom	seed
vsco	greenhouse	https://job-boards.greenhouse.io/vsco39	seed
vtex	greenhouse	https://job-boards.greenhouse.io/vtex	seed
vtrips		https://vtrips.com/careers/	seed
wahoo-fitness		https://jobs.fitt.co/companies/wahoo-fitness/	seed
walkme	lever	https://jobs.lever.co/walkme	seed
wallbox	workable	https://jobs.workable.com/company/21FrtqYGHSH6dhqTgPhXJM/jobs-at-wallbox	seed
walnut		https://www.walnut.io/jobs/	Product Demos Buyers Love | Jobs | Walnut
wanderjaunt		https://simplify.jobs/c/WanderJaunt	Jobs and Employment at WanderJaunt | Simplify Jobs
warby-parker	other	https://fa-evdi-saasfaprod1.fa.ocs.oraclecloud.com/hcmUI/CandidateExperience/en/sites/WarbyParkerCareers/jobs	Warby Parker
warren	other	https://www.warrencat.com/careers/	Warren CAT Careers | Now Hiring Diesel Mechanics &amp; Field Technicia
wave-financial		https://simplify.jobs/c/WaveFinancial	Jobs and Employment at Wave Financial | Simplify Jobs
wave-sports-and-entertainment		https://torre.ai/careers/WaveSportsEntertainment	Careers at Wave Sports &amp; Entertainment | Torre.ai
wavely	other	https://www.waverlyhealthcenter.org/join-our-team/	Join Our Team - Waverly Health Center
waycool		https://www.jobaaj.com/company/waycool-foods-careers	Waycool Foods Careers and Employment | Jobaaj
wayflyer	ashby	https://jobs.ashbyhq.com/wayflyer	Wayflyer Jobs
waymo		https://careers.withwaymo.com/	Careers with Waymo - Autonomous Vehicle Industry
waze		https://www.google.com/about/careers/applications/jobs/results/104544736684974790-head-of-marketing-waze-gotomarket-gtm	Jobs search — Google Careers
wazirx		https://careers.wazirx.com/	WazirX Careers — Trade Your Future
wedoctor		https://careers.walmart.com/us/en/home	Walmart Careers
weedmaps	greenhouse	https://job-boards.greenhouse.io/weedmaps77?error=true	Jobs at Weedmaps
weee	greenhouse	https://job-boards.greenhouse.io/weee	seed
wefit	other	https://join.com/companies/wefitgroup	Jobs at WEFIT GROUP | JOIN
wefox	other	https://join.com/companies/wefoxgroup	Jobs at wefox | JOIN
wejo		https://www.levels.fyi/companies/wejo/jobs	Wejo Jobs | Levels.fyi
welkin-health		https://welkinhealth.com/careers/	Attention Required! | Cloudflare
welltech	ashby	https://jobs.ashbyhq.com/welltech	Welltech Jobs
western-digital	smartrecruiters	https://careers.smartrecruiters.com/WesternDigital	Careers at Western Digital
westwing	other	https://westwing.jobs.personio.de/?language=en	Jobs at
wetrade	other	https://www.facebook.com/wetradeinnovations/posts/were-hiring-join-our-growing-team-ready-for-a-new-opportunity-were-looking-for-t/618023744164936/	We&#039;re Hiring! Join Our Growing Team! 🚀 Ready for a new opportunit
wetransfer		https://startup.jobs/company/wetransfer-com	Just a moment...
wework	other	https://wework.wd1.myworkdayjobs.com/WeWork	Careers - wework.wd1.myworkdayjobs.com
wex	other	https://wexinc.wd5.myworkdayjobs.com/WEXInc	Search for Jobs - myworkdayjobs.com
whatfix		https://whatfix.com/careers/	Whatfix Careers - Join Our Dynamic Team
wheel	other	https://wheels.wd5.myworkdayjobs.com/Wheels_Careers	Careers at Wheels
when-i-work		https://wheniwork.com/careers	Careers | When I Work
whereby	lever	https://jobs.lever.co/whereby	Whereby
whispir		https://www.whispir.com/careers/	Attention Required! | Cloudflare
whitehat-jr		https://workvapor.in/jobs/whitehat-jr-hiring-online-teaching-job-work-from-home-remote-jobs-for-freshers/	Whitehat Jr Hiring – Online Teaching Job, Work from Home, Remote Jobs 
whoop		https://whoopjobs.jobboardly.com/jobs	All jobs | Whoop Jobs - Whoop Whoop. Climb into your next job
whyhive			ERR HTTPSConnectionPool(host='r.jina.ai', port=443): Read timed out. (read timeout=40)
whyhotel	lever	https://jobs.lever.co/WhyHotel/c6d4c2db-e43d-4242-ae53-9d9b247567f8	Not found – 404 error
wildlife-studios	greenhouse	https://job-boards.greenhouse.io/wildlifestudios?error=true	406 Not Acceptable
willow		https://willowcenterny.org/about-us/careers/	Careers - Willow Domestic Violence Center of Greater Rochester
willowtree	greenhouse	https://job-boards.greenhouse.io/willowtree/jobs/7652668002	406 Not Acceptable
windsurf	ashby	https://jobs.ashbyhq.com/cognition	Cognition Jobs
wing-cloud	other	https://nwis.wd12.myworkdayjobs.com/NW	Careers
wint-wealth		https://wint.ai/company/career/	Careers | Wint
wise	recruitee	https://withwise.com/careers/?nocache=1731718770	Wise | Careers - Work In Tech
wisense		https://www.hisense-usa.com/careers	Find Career Opportunities at Hisense USA
wisetech		https://www.wisetechglobal.com/careers/join-us/	Shape your career at WiseTech
wish	greenhouse	https://job-boards.greenhouse.io/makeawishamerica	406 Not Acceptable
wistia	ashby	https://wistia.com/jobs	Careers at Wistia | Join Our Team | Wistia
wix		https://careers.wix.com/positions	Open Positions | Wix Careers
wizeline		https://www.wizeline.ai/careers/	Wizeline Careers | Join Our Global Technology Team
wonder	other	https://wonder.wd1.myworkdayjobs.com/WG	Search for Jobs
wonderschool	greenhouse	https://job-boards.greenhouse.io/wonderschool/jobs/6082203003	406 Not Acceptable
wondery		https://www.amazon.jobs/en/search?base_query=wondery	Job search | Amazon.jobs
wonolo	gem	https://jobs.gem.com/wonolo	Wonolo Careers
wordstream	greenhouse	https://careers.workstream.us/	Workstream Careers
workable	workable	https://jobs.workable.com/	Jobs By Workable
workato	greenhouse	https://job-boards.greenhouse.io/workato/jobs/7667981002	406 Not Acceptable
workday	other	https://workday.wd5.myworkdayjobs.com/Workday/	Careers at Workday
workfellow		https://www.workfellow.ai/careers	Careers with Workfellow
workfront	other	https://acxiomllc.wd5.myworkdayjobs.com/en-US/AcxiomUSA/job/Principal-Workfront-Consultant--Remote-_JR012970-1	Principal Workfront Consultant (Remote)
workhuman	other	https://workhuman.wd1.myworkdayjobs.com/WorkhumanCareers	Search for Jobs - myworkdayjobs.com
workit-health	greenhouse	https://job-boards.greenhouse.io/workithealth	406 Not Acceptable
workmotion	workable	https://apply.workable.com/workmotion/j/F6AEAE1C5B	Security challenge
workramp		https://about.usps.com/careers/	Careers - About.usps.com
workrise		https://www.rigup.com/careers	Careers | RigUp
worksmith		https://www.worksmith.com/team-and-careers	Team &amp; Careers | Worksmith
workstream	greenhouse	https://careers.workstream.us/	Workstream Careers
woven	lever	https://jobs.lever.co/woven-by-toyota	Woven by Toyota
wsc		https://wsc-sports.com/Careers/	Careers - WSC Sports
wyre	other	https://ebza.fa.em2.oraclecloud.com/hcmUI/CandidateExperience/en/sites/CX_3001/jobs	Wyre
xentral	lever	https://jobs.eu.lever.co/xentral	Xentral
xero	ashby	https://jobs.ashbyhq.com/xero	Xero Jobs
xerox		https://www.xerox.com/en-us/jobs	Xerox Careers: Grow Your Skills &amp; Career - Xerox
xerpa	other	https://jobs.nexteraenergy.com/	NextEra Energy Careers | Home
xiaohongshu		https://goelite.com/join-us/xhs-operations-specialist	XHS Operations Specialist | Career | GoElite
xiaomi		https://xiaomi.jobs.f.mioffice.cn/global	Job Openings
xiaomi-india		https://www.naukri.com/xiaomi-jobs-careers-1928218	Xiaomi Careers - 4 Xiaomi Jobs July 2026 - Naukri.com
xing		https://corporate.xing.com/en/career	Your career at XING - Making the world of work better together | XING
xolo	workable	https://apply.workable.com/xolo-careers/	Security challenge
xp	greenhouse	https://job-boards.greenhouse.io/xpinc/jobs/7970674002?gh_src=c30340652us	406 Not Acceptable
xsight-labs		https://xsightlabs.com/careers	Careers - Xsight Labs
